{
  "next.config.js": 1777062860.2560523,
  "next-env.d.ts": 1777142887.022866,
  "tailwind.config.ts": 1777054043.4345546,
  "postcss.config.js": 1777054033.6369739,
  "eslint.config.mjs": 1777062860.1963317,
  "app/layout.tsx": 1777054281.0513847,
  "app/page.tsx": 1777054527.5949163,
  "components/sections/Projects.tsx": 1777061516.0963738,
  "components/sections/Hero.tsx": 1777059211.1053696,
  "components/sections/Navbar.tsx": 1777054380.2504728,
  "components/sections/Experience.tsx": 1777141521.50032,
  "components/sections/Footer.tsx": 1777061757.1469207,
  "components/sections/Skills.tsx": 1777141947.555445,
  "components/sections/About.tsx": 1777062860.0149155,
  "components/sections/Certifications.tsx": 1777061402.3951614,
  "components/fx/MagneticButton.tsx": 1777062860.2309296,
  "components/fx/DevOpsFloatingIcons.tsx": 1777062859.9835916,
  "components/fx/ScrollProgress.tsx": 1777054310.520963,
  "components/fx/ViewCounter.tsx": 1777054339.918445,
  "components/fx/CursorGlow.tsx": 1777054307.9003234,
  "components/fx/Sparkline.tsx": 1777062860.21559,
  "components/fx/SectionHeader.tsx": 1777056096.8297825,
  "components/fx/GsapSmooth.tsx": 1777054523.7600768,
  "components/fx/AnimatedBackground.tsx": 1777056087.006153,
  "components/fx/Reveal.tsx": 1777054319.2701602,
  "components/theme/ThemeToggle.tsx": 1777062860.0787642,
  "components/theme/ThemeProvider.tsx": 1777054260.359908,
  "lib/data.ts": 1777054230.538087,
  "lib/utils.ts": 1777059211.1052887,
  "lib/types.ts": 1777059211.10525,
  "lib/use-media-query.ts": 1777062859.888489,
  "lib/icons.tsx": 1777141538.1764283,
  "resume.txt": 1777053795.1107476,
  "README.md": 1777054556.015193,
  "requirement.md": 1777053930.4259186,
  "context-readme.md": 1777062860.1660266,
  "public/Vivek-Raj's-Resume.pdf": 1777055669.927176,
  "public/favicon.svg": 1777054530.324385,
  "public/image.jpg": 1777054425.5742323
}